,title,company,location,pay,rating
0,newJunior Data Analyst,AppleOne,"Mississauga, ON","$45,800 a year",3.8
1,Data Analyst (Remote in Canada),Interaxon,"Remote in Toronto, ON","$80,000 - $110,000 a year",
2,"newData Analyst (VBA,SQL)",Sun Life Financial,"Temporarily Remote in Toronto, ON",,3.9
3,Data Analyst/ Data Engineer/ Datawarehouse Analyst,Shorewise Consulting LLC,"Remote in Mississauga, ON",$47 an hour,
4,Data Analyst - Level 3,Libro Credit Union,"London, ON",,3.7
5,Junior Data Analyst,Delvinia,"Toronto, ON","$45,000 a year",
6,newData Analyst,Manulife,"Toronto, ON",,4.0
7,newInventory Control Analyst,Lululemon,Remote,,4.2
8,newData Analyst Specialist for compiling TV Attribution Reports...,Achev,"Remote in Toronto, ON","$45,000 - $50,000 a year",
9,newLead Data Analyst,E Inc.,"Toronto, ON",,2.5
10,newData Analyst - Sportsbook,Score Media and Gaming Inc.,"Remote in Toronto, ON",,
11,newData Analyst,Mobileum Inc.,"Toronto, ON",$50 - $60 an hour,
12,Health Data Analyst - Full Time,Region of Waterloo,"Waterloo, ON",,3.4
13,newTechnology & Innovation Research Analyst (Summer Student,Islamic Relief Canada,Remote,,4.0
14,newIT Business Analyst - Capital Markets,Samiti Technology,"Toronto, ON",$80 - $100 an hour,
15,newIT Business Analyst - Capital Markets,Samiti Technology,"Toronto, ON",$80 - $100 an hour,
16,newHealth Data Analyst,Chatham-Kent,"Chatham-Kent, ON",,4.5
17,newBudget Analyst - Permanent Position,York Catholic District School Board,Ontario,"$69,834 - $88,679 a year",4.5
18,newBusiness Intelligence & Data Analyst,Nature's Emporium,"Woodbridge, ON","$75,000 - $85,000 a year",
19,newIncentives Analyst,J.D. Power,"Remote in London, ON",$17 an hour,
20,Data Analyst/ Data Engineer/ Datawarehouse Analyst,Shorewise Consulting LLC,"Remote in Mississauga, ON",$47 an hour,
21,newData Analyst – Subscription Analytics,Torstar,"Toronto, ON",,3.7
22,newData Analyst,Canadian Tire Corporation,"Toronto, ON+1 location",,3.6
23,newAutomations Analyst,BMO Financial Group,Ontario,,3.8
24,newLogistics Data Analyst Fall Co-op,Johnson & Johnson,"Markham, ON",,4.2
25,Business Analyst (Technical & Data),Alimentiv,"London, ON",,
26,newResearch Analyst,Ipsos North America,"Toronto, ON",,3.9
27,Business Data Analyst,Carfax,"London, ON",,
28,newISO 20022 Analyst,Payments Canada,"Toronto, ON+1 location","$71,000 - $95,000 a year",4.1
29,Marketing Data Analyst,TrackDDB,"Remote in Toronto, ON",,
30,newMarketing Data Analyst,Score Media and Gaming Inc.,"Remote in Toronto, ON",,
31,"newPCAS22 - 058 - Analyst, Data Intelligence (2 Year Contract)",Peel Children’s Aid Society,"Mississauga, ON",$37.87 - $48.78 an hour,
32,Revenue Analyst - WestJet Vacations,Westjet Airlines,Remote,,3.9
33,Data Analyst,Fintech社区,"Ottawa, ON+1 location","$5,000 - $10,000 a month",
34,"newRBC Wealth Management, Fall 2022 Co-op, Business Data Analys...",Royal Bank of Canada,"Toronto, ON",,4.0
35,Business Analyst (digital technology) - Contract - Remote,Hire Level Consulting,Remote,$80 - $100 an hour,
36,newJunior Data Analyst,AppleOne,"Mississauga, ON","$45,800 a year",3.8
37,newDATA MANAGEMENT AND REPORTING ANALYST,Humber,"Etobicoke, ON",$35.83 an hour,4.4
38,Data Engineer (Business Analyst),Alimentiv,"Remote in London, ON+2 locations",,
39,newData Analyst - Term,York Region District School Board,"Newmarket, ON","$78,497 - $88,350 a year",4.1
40,newBusiness Intelligence Analyst - Decision Support,London Health Sciences Centre,"London, ON",$37.35 - $46.69 an hour,3.8
41,Data Analyst,Westjet Airlines,"Remote in Calgary, AB",,3.9
42,newRating Analyst,S&P Global,"Remote in Toronto, ON","$46,200 - $75,000 a year",3.9
43,newHR Data Analyst (Data Governance),Royal Bank of Canada,"Toronto, ON",,4.0
44,Junior Business Analyst (remote),Software International,"Remote in Mississauga, ON",$50 an hour,
45,newData Analyst,University of Victoria,"Victoria, BC","$61,935 - $81,286 a year",4.2
46,newJunior Data Analyst,SAIT,"Calgary, AB","$52,000 - $67,000 a year",4.0
47,newAnalyst III,TD Bank,"Toronto, ON",,3.8
48,Data Analyst,TechHire,"Toronto, ON",$23 - $45 an hour,
49,newSenior Data Analyst,Scotiabank,"Toronto, ON",,3.9
50,Data Analyst,Lululemon,"Vancouver, BC",,4.2
51,2022 FALL Student - Data Analyst Student,Canadian Nuclear Laboratories,Remote,,3.5
52,"newTransportation Operations Analyst, Shopify Fulfillment Netwo...",Shopify,"Remote in Toronto, ON",,3.8
53,newData Analyst,Logibec Inc,"Remote in Vancouver, BC",,4.3
54,newMobile Services Analyst,BMO Financial Group,"Toronto, ON",,3.8
55,HRIS Analyst - Dayforce,R.V. Anderson Associates Limited,+1 locationRemote,"$80,000 - $85,000 a year",4.2
56,newBusiness Analyst,Direct Travel,Remote in Canada,,
57,Jr. Data/Reporting Analyst,Scarsin,"Markham, ON",,
58,newJr Business Analyst,Aviva,"Markham, ON",,3.8
59,"newData Analyst, Competitive Intelligence",Klue,"Remote in Vancouver, BC",,5.0
60,newData Analyst,Binance.US,"Vancouver, BC",,
61,newData Analyst,CIRA,"Remote in Ottawa, ON",,5.0
62,"newMaster Data Analyst, Supply Chain-Contract 1 Year","Diversey, Inc.","Remote in London, ON",,3.7
63,newCrime Analyst,LCBO,"Toronto, ON",,3.7
64,Data Analyst - Logistics,Zekelman Industries,"Harrow, ON",,2.5
65,newData Quality Analyst Centre for Depression and Sui,St. Michael's Hospital,"Toronto, ON",$29.42 - $38.26 an hour,4.1
66,newData Analyst,Zensurance,"Remote in Toronto, ON",,
67,Data Analyst - Remote,Tucows,"Remote in Toronto, ON",,3.0
68,newData Analyst,Avison Young,"Mississauga, ON",,3.6
69,Data Analyst,Trader Corporation,"Toronto, ON",,3.6
70,newData Analyst,Citi,"Mississauga, ON",,3.9
71,Business System Analyst,Purple Drive Technologies,"Remote in Toronto, ON",$40 - $45 an hour,
72,"newData Analyst, Business Intelligence, CP2",Bell Canada,"Toronto, ON",,3.7
73,"newRBC Wealth Management, Fall 2022 Co-op - Business Risk & Dat...",Royal Bank of Canada,"Toronto, ON",,4.0
74,Analyst,University of Waterloo,"Waterloo, ON",,4.4
75,newPS Systems Analyst,Canadian Red Cross,Temporarily Remote,,4.0
76,newData Analyst,The College of Physicians and Surgeons of Ontario,"Toronto, ON",,3.3
77,"Business Data Analyst - Life Sciences & Healthcare, Omnia AI",Deloitte,Ontario,,4.0
78,newAnalyst - Compensation,Westjet Airlines,"Remote in Calgary, AB",,3.9
79,Data Analyst,Avison Young Canada,"Mississauga, ON",,
80,newBusiness Analyst/Consultant,Quad Infotech,"North York, ON",,
81,Business Intelligence Specialist,Canadian Security Intelligence Service,"Ottawa, ON","$84,050 - $102,250 a year",4.4
82,newData Analyst,Ottawa Sports & Entertainment Group,"Ottawa, ON",,3.7
83,"newSenior Developer Analyst, Data and Personalization | TELUS D...",TELUS,"Remote in Toronto, ON",,3.9
84,Data Analyst - Contractor,TELUS,"Toronto, ON+1 location",,3.9
85,Microbiology Analyst (Inventory),Canadian Food Inspection Agency,"Calgary, AB+1 location","$63,302 - $80,094 a year",4.1
86,Data and Process Analyst - Accreditation,University of Waterloo,"Waterloo, ON",,4.4
87,newData Support Sr Analyst,Bank of America,"Toronto, ON",,3.8
88,Data Analyst,Clio,"Remote in Toronto, ON",,4.1
89,"Analyst, Data Strategy Fall 2022 Student",Royal Bank of Canada,"Toronto, ON",,4.0
90,newBusiness Analyst,Royal Bank of Canada,"Toronto, ON",,4.0
91,newData Analyst - Reporting,Score Media and Gaming Inc.,"Remote in Toronto, ON",,
92,Data Analyst,Purolator,"Pickering, ON",,3.5
93,newBusiness Data Analyst,Kent Building Supplies,"Saint John, NB",,3.4
94,newData Centre Analyst,BGIS,"Toronto, ON",,3.1
95,"Data Analyst, Traction Rec",Uncommon Purpose,Remote,,
96,Junior Data Analyst,OSL Retail Services Inc,"Mississauga, ON",,2.9
97,newData Reporting Analyst,"SOCAN - Society of Composers, Authors and Music...","Hybrid remote in Toronto, ON+1 location",,3.4
98,Engagement Data Analyst,City of Coquitlam,"Remote in Coquitlam, BC",$37.12 - $43.82 an hour,4.2
99,Data Analyst,Tresume,"Markham, ON",,
100,newMarketing Analyst,Lone Wolf Technologies,"Remote in Toronto, ON",,2.9
101,newDesktop Support Analyst,Geotab,"Remote in Waterloo, ON",,2.7
102,newSenior Investment Data Analyst,Royal Bank of Canada,"Toronto, ON",,4.0
103,Data Analyst,Dapper Labs,Remote,,
104,newSpend Analytics Analyst,Mohawk Medbuy Corporation,"London, ON+1 location",,2.7
105,newBusiness Data Analyst,Kent Building Supplies,"Saint John, NB",,3.4
106,newData Centre Analyst,BGIS,"Toronto, ON",,3.1
107,"Data Analyst, Traction Rec",Uncommon Purpose,Remote,,
108,Junior Data Analyst,OSL Retail Services Inc,"Mississauga, ON",,2.9
109,newData Reporting Analyst,"SOCAN - Society of Composers, Authors and Music...","Hybrid remote in Toronto, ON+1 location",,3.4
110,Engagement Data Analyst,City of Coquitlam,"Remote in Coquitlam, BC",$37.12 - $43.82 an hour,4.2
111,Data Analyst,Tresume,"Markham, ON",,
112,newMarketing Analyst,Lone Wolf Technologies,"Remote in Toronto, ON",,2.9
113,newDesktop Support Analyst,Geotab,"Remote in Waterloo, ON",,2.7
114,newSenior Investment Data Analyst,Royal Bank of Canada,"Toronto, ON",,4.0
115,Data Analyst,Dapper Labs,Remote,,
116,newSpend Analytics Analyst,Mohawk Medbuy Corporation,"London, ON+1 location",,2.7
117,newBusiness Analyst/Data Analyst,Yokohama Tire Canada inc.,"Greater Toronto Area, ON+6 locations",,
118,newFOREST ANALYST INTERN,"Ministry of Northern Development, Mines, Natural...","Thunder Bay, ON","$1,043 - $1,252 a week",
119,newBusiness Information Systems Analyst,TELUS,"Toronto, ON",,3.9
120,Business Analyst,N2P Systems,"Toronto, ON",$45 - $50 an hour,
121,newData Analyst,Michael Page CA,"Toronto, ON",,3.5
122,newSenior Data Analyst,Unity Technologies,"Remote in Toronto, ON",,
123,newRemarketing Pricing Analyst,Nissan,"Mississauga, ON",,3.8
124,newDatabase Analyst,AirSuite,"Remote in Thunder Bay, ON","$70,000 - $80,000 a year",
125,newWORKFORCE ANALYST,Ministry of the Solicitor General,"Toronto, ON","$69,425 - $100,036 a year",3.0
126,Digital Marketing Analyst,Carfax,"Remote in London, ON",,
127,QA Analyst,Reliance Home Comfort,"Toronto, ON",,3.0
128,"Marketing Analyst, Google Hardware",Google,"Toronto, ON",,4.3
129,Data Analyst,Geotab,"Remote in Oakville, ON",,2.7
130,newData Ops Analyst,Okta,"Remote in Toronto, ON",,
131,Logistics Analyst,Lululemon,Remote in British Columbia,,4.2
132,Data Analyst,MasterCard,"Hybrid remote in Toronto, ON",,4.0
133,Sr Data Analyst,Public Goods,Remote,,
134,newBusiness Analyst,Alba Inc.,"Toronto, ON+1 location",,
135,newBusiness System Analyst,TELUS,"Toronto, ON",,3.9
136,Senior Data Analyst,Dapper Labs,Remote,,
137,newIT Junior Data Analyst,Btrust International Trading Inc.,"Oakville, ON",$16 - $20 an hour,
138,newBusiness Analyst,Total Credit Recovery,"North York, ON","$45,000 - $55,000 a year",3.0
139,newManager Digital/Data Analyst,Publicis Sapient,"Toronto, ON",,3.9
140,"newData Analyst, Data Products IA (Fall 2022 Student)",Royal Bank of Canada,"Toronto, ON",,4.0
141,Business Analyst,Valtech,Remote,,4.0
142,newIT Quality Analyst,Citi,"Mississauga, ON",,3.9
143,"newForecasting & data analyst, Analytics & Modelling",TD Bank,"Toronto, ON",,3.8
144,newHealth Data Analyst Summer Student,County of Lambton,"Point Edward, ON",,3.5
145,Geophysicist/Data Analyst NEW,Sander Geophysics,"Ottawa, ON",,3.8
146,"newData Analyst, Business Intelligence",CUSTOMER EXPERIENCE/EXPRIÉNCE CLIENT,"Toronto, ON",,
147,"Innovation Researcher and Analyst, Advisory",KPMG,"Toronto, ON",,3.9
148,newBusiness Operations Analyst,ClearEstate,"Remote in Toronto, ON+1 location",,
149,newBusiness Analyst,Canadian Tire Corporation,"Oakville, ON+1 location",,3.6
150,newBusiness Operations Analyst,ClearEstate,"Remote in Toronto, ON+1 location",,
151,newBusiness Analyst,Canadian Tire Corporation,"Oakville, ON+1 location",,3.6
152,SAP MDM Data Analyst,HRC Global Services,"Mississauga, ON",$60 - $80 an hour,
153,newJr. Business Analyst,eHealth Saskatchewan,"Regina, SK",$32.70 - $39.81 an hour,3.6
154,newBusiness Analyst,knak,"Ottawa, ON",,
155,newSupply Chain Analyst,Yamaha Motor Canada,"Remote in Toronto, ON",,4.3
156,Sr Data Analyst,Aviva,"Markham, ON+1 location",,3.8
157,In-line Inspection Data Analyst,Novitech Inc.,"Woodbridge, ON","$45,000 a year",
158,newMarketing Technology Analyst,StackPros Inc.,"Toronto, ON",,3.0
159,newSenior Data Analyst,OCS,"Remote in Toronto, ON",,4.0
160,Resource Management Data Analyst,KPMG,"Toronto, ON",,3.9
161,newData Analyst,ContactPoint 360,"Mississauga, ON",,4.1
162,Distribution Data Analyst (12 Month Contract),The Estée Lauder Companies,Canada+1 location,,4.0
163,newSenior Analyst - CPG Manufacturer,NielsenIQ,"Markham, ON",,
164,newBusiness Systems Analyst,Heart & Stroke,Remote,,4.2
165,Data Analyst,WGames Inc.,"Toronto, ON",,
166,Business Analyst,Thumbtack,"Remote in Toronto, ON",,
167,SUPPLY CHAIN ANALYST,Johnson & Johnson,"Guelph, ON",,4.2
168,newJr. Business Analyst,Dapasoft Inc,"Toronto, ON",,
169,Data Analyst,Sun Life Financial,"Temporarily Remote in Toronto, ON",,3.9
170,Revenue Analyst,Talent Department,"Toronto, ON","$55,000 - $65,000 a year",
171,Business Systems Analyst (Entry Level),Jarvis Consulting Group,"Toronto, ON",,
172,Data Analyst (Business Intelligence),Hive Media Group,"Temporarily Remote in Toronto, ON",,
173,Senior Business Data Analyst,RideCo,"Waterloo, ON","$90,000 - $110,000 a year",4.0
174,computer systems business analyst,Tiger Analytics Inc.,"Remote in Toronto, ON","$130,000 - $190,000 a year",
175,Data Analyst,"NAVBLUE, an Airbus Company","Hybrid remote in Waterloo, ON",,3.9
176,newPricing Analyst,GVF Group of Companies,"Cambridge, ON",,2.5
177,Systems & Data Analyst,Canadian Red Cross,Remote in Canada,,4.0
178,Data Analyst II (Canada Remote),Fullscript,"Remote in Ottawa, ON",,3.2
179,Data Analyst - theScore Bet,theScore Inc.,"Toronto, ON",,3.3
180,Data Analyst - theScore Bet,theScore Inc.,"Toronto, ON",,3.3
181,Junior Business Analyst,RPM TECHNOLOGIES CORP,"Toronto, ON",,3.5
182,newBusiness Analyst,The Salvation Army Canada and Bermuda,"Remote in Toronto, ON",,
183,Business Intelligence (BI) Developer & Data Visualization An...,J.D. Power,"Remote in London, ON",,
184,Junior Business Analyst,Dokainish & Company,"Toronto, ON",,
185,Data Analyst (Remote),Cognizant Microsoft Business Group,"Remote in Toronto, ON",,
186,Data Analyst - Geophysics,Sander Geophysics Limited,"Ottawa, ON",,3.8
187,newMarketing Analyst,Quantfury,"Toronto, ON","$115,000 a year",
188,Data Analyst: Neurodiversity Hiring Initiative,Specialisterne Canada,"Greater Toronto Area, ON",,
189,newdatabase analyst,AJC & Associates Inc.,"Remote in Scarborough, ON",$40 an hour,
190,Data Analyst,GFD,"Toronto, ON",,
191,Data Analyst,Checkfront,"Remote in Victoria, BC",,4.7
192,newBusiness Systems/Technical Analyst,Accenture,"Toronto, ON",,4.0
193,ETL Developer - Business Intelligence,Western Financial Group,"Remote in Okotoks, AB",,3.7
194,"newSenior Business Analyst, Consumer Lifecycle",Carfax,"Remote in London, ON",,
195,Business Intelligence (BI) Developer & Data Visualization An...,J.D. Power,"Remote in London, ON",,
196,Junior Business Analyst,Dokainish & Company,"Toronto, ON",,
197,Data Analyst (Remote),Cognizant Microsoft Business Group,"Remote in Toronto, ON",,
198,Data Analyst - Geophysics,Sander Geophysics Limited,"Ottawa, ON",,3.8
199,newMarketing Analyst,Quantfury,"Toronto, ON","$115,000 a year",
200,Data Analyst: Neurodiversity Hiring Initiative,Specialisterne Canada,"Greater Toronto Area, ON",,
201,newdatabase analyst,AJC & Associates Inc.,"Remote in Scarborough, ON",$40 an hour,
202,Data Analyst,GFD,"Toronto, ON",,
203,Data Analyst,Checkfront,"Remote in Victoria, BC",,4.7
204,newBusiness Systems/Technical Analyst,Accenture,"Toronto, ON",,4.0
205,ETL Developer - Business Intelligence,Western Financial Group,"Remote in Okotoks, AB",,3.7
206,"newSenior Business Analyst, Consumer Lifecycle",Carfax,"Remote in London, ON",,
207,Analysts Recruitment and Development Program - Social Statis...,Statistics Canada,Canada,"$62,168 - $85,778 a year",4.1
208,Jr. Data Analyst (supply chain and demand planning),Noya Cannabis Inc.,"Hamilton, ON",,
209,newSync Operator/Data Analyst,Util-Assist Inc.,"Remote in Newmarket, ON",,2.5
210,newDecision Support Analyst,Southlake Regional Health Centre,"Newmarket, ON",,3.9
211,Data Analyst,Lucova,"Toronto, ON",,
212,"Data Analyst, Service Innovation",Myplanet,"Remote in Toronto, ON",,4.5
213,Senior Systems Analyst,The Ottawa Hospital,"Ottawa, ON","$88,696 - $110,267 a year",4.1
214,newBusiness Systems Analyst,BDO,"Toronto, ON",,3.6
215,Data Analyst,Oracle,"Remote in Kitchener, ON",,3.8
216,Research Officer/Policy Analyst,Government of Saskatchewan,"Regina, SK",$28.12 - $35.24 an hour,3.8
217,Business Analyst,HRC Global Services,"Mississauga, ON","$80,000 - $100,000 a year",
218,"newIntermediate Data Analyst, ES-03",Canada Revenue Agency,"Temporarily Remote in Ottawa, ON","$73,386 - $88,891 a year",4.0
219,newSenior Business Analyst - Services Analytics,Angi,"Remote in Waterloo, ON+3 locations",,
220,"newAI Engineering Business Analyst, Intact Lab",Intact,"Toronto, ON",,3.8
221,SAP Data Analyst,HRC Global,"Mississauga, ON",$70 - $110 an hour,
222,newData Strategy and Operations Analyst,Sanofi US,"Toronto, ON",,4.1
223,QA Analyst,CaseWare IDEA,Canada,,
224,Data Analyst,Backstage,"Hybrid remote in Mississauga, ON",,
225,Geophysical Data Analyst,Nanometrics Inc,"Ottawa, ON",,3.5
226,"newAnalyst, Physical Inventory",Lowe's Canada,"Remote in Etobicoke, ON",,3.5
227,newOperations Analyst,Payroc,"Oakville, ON",,
228,Technical Business Analyst (remote),Software International,"Remote in Mississauga, ON",$60 - $70 an hour,
229,"Media Experts - Analyst, Audience & Analytics",IPG Mediabrands,"Toronto, ON",,3.7
230,Game Data Analyst,Eastside Games Studio,Remote,,
231,newData Analyst - Information and Systems,SRYAS INC.,"Toronto, ON","$85,000 - $95,000 a year",
232,newData Analyst/Programmer,SIRVA,"Edmonton, AB","$54,000 - $86,000 a year",
233,Data Analyst/ Data Engineer/ Datawarehouse Analyst,Shorewise Consulting LLC,"Remote in Mississauga, ON",$47 an hour,
234,DATA ANALYST - US,Luminex,"Toronto, ON",,3.5
235,newBusiness System Analyst 1,Symcor,"Mississauga, ON",,3.9
236,newBusiness System Analyst,Sun Life Financial,"Temporarily Remote in Waterloo, ON+2 locations",,3.9
237,newBusiness Analyst,Dash Hudson,"Remote in Halifax, NS",,
238,Data Analyst,Royal Bank of Canada,"Toronto, ON",,4.0
239,newData Analyst,JNP Logiciel International Inc.,"Remote in Montréal, QC","$32,240 a year",
240,newBusiness Analyst,H&E Equipment Services,"Headquarters, BC",,
241,Business Analyst,N-able,"Remote in Ottawa, ON",,
242,Data Analyst,Centre for Gender and Sexual Health Equity,"Head, ON","$54,705 - $59,479 a year",
243,"Production Operations Analyst, Planning (Cambridge)",Toyota Motor Manufacturing Canada,"Hamilton, ON",,3.0
244,newBusiness Analyst,Optimal Growth Technologies,Ontario,,
245,Performance Analyst,BMO Financial Group,"Toronto, ON",,3.8
246,newData Analyst,Deer Lodge Centre,"Winnipeg, MB",$21.41 an hour,4.0
247,newReplenishment Analyst,Metro Inc.,"Toronto, ON",,3.5
248,newDigital Health Analyst,Spectrum Health Care,"Toronto, ON",,3.5
249,Data Analyst - Sportsbook,Score Media Ventures Inc.,"Toronto, ON",,
250,information systems analyst - computer systems,Elastalink Corp,"Ottawa, ON",$45 an hour,
251,investment analyst,Constance Financial Inc.,"Saskatoon, SK",$42.07 an hour,
252,Analyst,Intelligent Fabric Technologies (North America),"Markham, ON",,
253,Business Intelligence Developer,Peavey Industries LP,"London, ON+1 location",,3.3
254,Energy Data Analyst,Town of Oakville,"Oakville, ON",$24.03 an hour,4.1
255,Performance Analyst,BMO Financial Group,"Toronto, ON",,3.8
256,newData Analyst,Deer Lodge Centre,"Winnipeg, MB",$21.41 an hour,4.0
257,newReplenishment Analyst,Metro Inc.,"Toronto, ON",,3.5
258,newDigital Health Analyst,Spectrum Health Care,"Toronto, ON",,3.5
259,Data Analyst - Sportsbook,Score Media Ventures Inc.,"Toronto, ON",,
260,information systems analyst - computer systems,Elastalink Corp,"Ottawa, ON",$45 an hour,
261,investment analyst,Constance Financial Inc.,"Saskatoon, SK",$42.07 an hour,
262,Analyst,Intelligent Fabric Technologies (North America),"Markham, ON",,
263,Business Intelligence Developer,Peavey Industries LP,"London, ON+1 location",,3.3
264,Energy Data Analyst,Town of Oakville,"Oakville, ON",$24.03 an hour,4.1
265,Business Intelligence Analyst / Analyste en informatique déc...,Labour Market Information Council,Remote,"$67,000 - $77,000 a year",
266,newSenior Data Analyst,Calibery Software LLC,"Toronto, ON","$51,411 - $108,688 a year",
267,Policy Analyst,City of Regina,"Regina, SK",$36.71 - $45.90 an hour,
268,Technical Sr. Analyst,Cox Automotive,"Milton, ON",,3.4
269,Data Analyst - FIFA Mobile,Electronic Arts,"Vancouver, BC",,3.8
270,Data Analyst Full-time,Manitoba Agricultural Services Corporation,Manitoba,"$67,671 - $84,523 a year",
271,Inventory Analyst,Anheuser-Busch,"London, ON",,3.7
272,"Business Analyst (Contract - 3 months) - Remote, Across Cana...",Xerris,"Remote in Calgary, AB",$70 - $100 an hour,
273,Information Management Analyst,Community Living Toronto,"Toronto, ON","$70,560 - $82,261 a year",
274,newSecuritization and Funding Analyst,Central 1 Credit Union,"Hybrid remote in Toronto, ON",,2.8
275,newAssociate Analyst 3 - Toronto,Moody's,"Toronto, ON",,3.6
276,newBI Business Analyst,Manulife,"Toronto, ON",,4.0
277,newSenior Data Analyst - Remote,League Inc.,"Remote in Toronto, ON+1 location",,
278,"newAnalyst, Business Intelligence",EDC,"Ottawa, ON","$64,100 - $96,100 a year",3.8
279,Reporting Data Analyst,Envision Sales Inc.,"Toronto, ON",,
280,Senior Data Analyst,ATCS Inc.,"Toronto, ON",,
281,"newSenior Analyst, Trade Support (End of Day)",CPP Investments,"Toronto, ON",,
282,Analyst- Strategy & Transformation,Royal Bank of Canada,"Toronto, ON",,4.0
283,"Business Data Analyst, Propel",Uncommon Purpose,Remote,,
284,"Technical Specialist, Business Intelligence",BMO Financial Group,"Toronto, ON",,3.8
285,Physical Security Analyst (New Grad),BMO Financial Group,"Toronto, ON",,3.8
286,newBusiness Intelligence Analyst (SK),ISM Canada,"Regina, SK","$2,657 a week",3.1
287,Data Analyst,Golf Town Operating Limited Partnership,Remote in Canada+1 location,,
288,Cyber fraud analyst,Ubisoft,"Montréal, QC",,3.8
289,Information Systems Analyst,University of Waterloo,"Waterloo, ON",,4.4
290,Anaplan Business Analyst,PwC,Remote in Canada,,3.7
291,Data Visualization Business Analyst,PHSA,"Burnaby, BC",$40.46 an hour,3.1
292,Data Analyst & Business Intelligence – Bombardier Defense,Bombardier,"Toronto, ON+1 location",,3.8
293,Research Analyst,Centre for Addiction and Mental Health,"Toronto, ON",$25.03 - $33.38 an hour,4.0
294,newJunior Business Analyst,Norsat International Inc.,"Richmond, BC",,
295,"Data Analyst (Tableau), X-Ray",Uncommon Purpose,Remote,,
296,Senior Data and Reporting Analyst - #CStech,Royal Bank of Canada,"Toronto, ON",,4.0
297,Data Analyst- Contract,Assent,"Remote in Ottawa, ON",,
298,Data Analyst,Capgemini,"Toronto, ON",,3.8
299,newDevelopment Coordinator/Analyst,Graywood Group,"Toronto, ON",,
300,Anaplan Business Analyst,PwC,Remote in Canada,,3.7
301,Data Visualization Business Analyst,PHSA,"Burnaby, BC",$40.46 an hour,3.1
302,Data Analyst & Business Intelligence – Bombardier Defense,Bombardier,"Toronto, ON+1 location",,3.8
303,Research Analyst,Centre for Addiction and Mental Health,"Toronto, ON",$25.03 - $33.38 an hour,4.0
304,newJunior Business Analyst,Norsat International Inc.,"Richmond, BC",,
305,"Data Analyst (Tableau), X-Ray",Uncommon Purpose,Remote,,
306,Senior Data and Reporting Analyst - #CStech,Royal Bank of Canada,"Toronto, ON",,4.0
307,Data Analyst- Contract,Assent,"Remote in Ottawa, ON",,
308,Data Analyst,Capgemini,"Toronto, ON",,3.8
309,newDevelopment Coordinator/Analyst,Graywood Group,"Toronto, ON",,
310,Data Analyst,Grantek Systems Integration,"Burlington, ON",,4.8
311,Data Analyst,Toronto School of Management,"Toronto, ON",,4.0
312,Intern- Business Intelligence Analyst,FLEETCOR,"Temporarily Remote in Toronto, ON",,3.1
313,HR Analyst,CARFAX Canada,"London, ON",,
314,"Data Analyst, Marketing Acquisition (Remote)",FreshBooks,"Remote in Toronto, ON",,4.0
315,newData Quality Analyst,SkyHive Technologies Inc.,"Vancouver, BC",,4.8
316,Data Insight and Reporting Analyst,HomeEquity Bank,"Toronto, ON",,2.3
317,newJr. Business Analyst,The Portage Mutual Insurance Company,"Winnipeg, MB","$40,000 a year",4.0
318,"Data Analyst, Operations and Investigations (NEW or RECENT G...",BMO Financial Group,"Toronto, ON",,3.8
319,Senior Data Analyst,fusionSpan,Remote,,
320,data analyst - informatics and systems,Sudbury District Nurse Practitioner Clinics,"Greater Sudbury, ON",$44 an hour,
321,newWRPS Business Analyst,Waterloo Regional Police Service,"Cambridge, ON",$39.02 an hour,2.8
322,Planning Data Analyst,Metro Vancouver,"Burnaby, BC","$5,498 - $6,493 a month",3.8
323,ADMN O 18R - Junior Data Analyst,BC Public Service,"Hybrid remote in Victoria, BC",,3.4
324,IT Business Analyst,Baylis Medical Technologies,"Hybrid remote in Mississauga, ON",,
325,newBusiness Analyst,Innovapost,"Ottawa, ON",,3.6
326,Data Analyst,Thrive Health,"Remote in Vancouver, BC",,2.0
327,Junior Database Analyst,HealthHub Solutions,"Mississauga, ON",,
328,Master Data Analyst,Trillium Health Care Products,"Brockville, ON","$60,000 a year",3.0
329,"newData Analyst, Commercial Technology",ArcelorMittal Dofasco,"Hybrid remote in Hamilton, ON",,4.0
330,"Data Analyst, SQL/Tableau Developer",University of Victoria,"Victoria, BC","$61,935 - $81,286 a year",4.2
331,newData Analyst,NAVBLUE,"Hybrid remote in Waterloo, ON",,3.9
332,newmarketing analyst,Granite Springs Golf Club,"Bayside, NS",$36 an hour,
333,Data Analyst,Neo Financial,"Calgary, AB",,4.3
334,Analyst - Procurement,Westjet Airlines,"Remote in Calgary, AB",,3.9
335,"newFUNCTIONAL ANALYST, IT BUSINESS SOLUTIONS",Boutique La Vie En Rose,"Montréal, QC",,3.2
336,Business Analyst,City of Windsor,"Windsor, ON",$34.21 - $40.23 an hour,3.8
337,newHRIS Analyst,Livingston International,Ontario,,3.1
338,Business System Analyst,Genpact,Ontario,,
339,newPhysical Security Analyst,BMO Financial Group,"Toronto, ON",,3.8
340,newIT Analyst II - Business Intelligence Developer,Alberta Health Services,"Hybrid remote in Calgary, AB",,3.8
341,newData Analyst,Tetra Tech,"Remote in Vancouver, BC",,3.8
342,Junior Business Analyst,Centrecorp Management Services Limited,"Markham, ON",,3.7
343,"Data Analyst, Financial Crime Analytics",Deloitte,Ontario,,4.0
344,Marketing Data Analyst,theScore Inc.,"Toronto, ON",,3.3
345,Analyst - Procurement,Westjet Airlines,"Remote in Calgary, AB",,3.9
346,"newFUNCTIONAL ANALYST, IT BUSINESS SOLUTIONS",Boutique La Vie En Rose,"Montréal, QC",,3.2
347,Business Analyst,City of Windsor,"Windsor, ON",$34.21 - $40.23 an hour,3.8
348,newHRIS Analyst,Livingston International,Ontario,,3.1
349,newPhysical Security Analyst,BMO Financial Group,"Toronto, ON",,3.8
350,newIT Analyst II - Business Intelligence Developer,Alberta Health Services,"Hybrid remote in Calgary, AB",,3.8
351,newData Analyst,Tetra Tech,"Remote in Vancouver, BC",,3.8
352,Junior Business Analyst,Centrecorp Management Services Limited,"Markham, ON",,3.7
353,"Data Analyst, Financial Crime Analytics",Deloitte,Ontario,,4.0
354,Marketing Data Analyst,theScore Inc.,"Toronto, ON",,3.3
355,BI Analyst,TELUS,Canada,,3.9
356,Policy Analyst (Remote)- First Peoples Wellness Circle,Tulloch Consulting,Remote,,
357,Data Analyst,SS&C Technologies,"Mississauga, ON",,3.2
358,Marketing Analyst,Scribendi,"Remote in Chatham-Kent, ON",,
359,Product Data Analyst- Remote- Ontario,Mitel,"Remote in Ottawa, ON",,3.3
360,Business Analyst,MSi Corp (Bell Canada),"Toronto, ON+2 locations",,3.6
361,Data Analyst (Analytics Platform),Ford Motor Company,"Waterloo, ON",,4.1
362,STO 21R - Geospatial Analyst,BC Public Service,"Vernon, BC",,3.4
363,Business System Analyst,BMO Financial Group,"Toronto, ON",,3.8
364,newData Analyst,Aecon Group,"Toronto, ON",,4.0
365,newIT (information technology) business analyst,KAYZEN CLOUD SOLUTIONS,"Mississauga, ON",$41.60 an hour,
366,"Business Analyst, EDI Systems & Projects",Buckland,"St. Thomas, ON",,3.5
367,"Data Analyst (Fixed-Term, 12-months)",Infrastructure Ontario,"Toronto, ON",,3.0
368,newFall 2022 Co-op: Data Experience & Business Analyst,Rogers Communications,"Brampton, ON",,3.7
369,newEvaluation and Data Analyst,Calgary Foothills Primary Care Network,"Calgary, AB",,
370,Data Analyst/ Data Engineer/ Datawarehouse Analyst,Shorewise Consulting LLC,"Remote in Mississauga, ON",$47 an hour,
371,newSr. Business Analyst,Arthur Grand Technologies Inc,"Toronto, ON",$47 - $89 an hour,
372,Sr Pricing Analyst,Kalibrate,Remote,"$130,000 - $150,000 a year",
373,"newManager, Business Analyst - Customer Insights Data & Analyti...",Scotiabank,"Toronto, ON",,3.9
374,Contracts Analyst (),City of Hamilton,"Hamilton, ON",$40.48 - $46.00 an hour,4.2
375,"Data Analyst, Personalized Customer Incentives",Canadian Tire Corporation,"Toronto, ON",,3.6
376,newGlobal Operational Readiness Analyst,Scotiabank,"Hybrid remote in Scarborough, ON+1 location",,3.9
377,Senior Data and Reporting Analyst,Royal Bank of Canada,"Toronto, ON",,4.0
378,Data Analyst,Extendicare Canada Inc.,"Markham, ON",,3.3
379,Research & Asset Management Analyst,JLL,"Toronto, ON",,3.7
380,newSenior Business Analyst,Capgemini,"Toronto, ON",,3.8
381,newData Science Analyst,Numeris,"Remote in Toronto, ON",,3.4
382,data warehouse analyst,Hypertec Administration Inc.,"Saint-Laurent, QC","$70,000 - $80,000 a year",
383,newSenior Data Management/BI Analyst,JLL,"Toronto, ON",,3.7
384,Operations Analyst,Connect Tech,"Guelph, ON",,3.0
385,Data Analyst,Oomomo Canada Ltd.,"Richmond, BC",,
386,Data Analyst - Sportsbook,theScore Inc.,"Toronto, ON",,3.3
387,newAssociate Business System Analyst,Sun Life Financial,"Temporarily Remote in Waterloo, ON",,3.9
388,newSr. Data Analyst,Ameya Data Solution,"Mississauga, ON",,
389,Business Analyst,University of Waterloo,"Waterloo, ON",,4.4
390,newAssociate Business System Analyst,Sun Life Financial,"Temporarily Remote in Waterloo, ON",,3.9
391,newSr. Data Analyst,Ameya Data Solution,"Mississauga, ON",,
392,Business Analyst,University of Waterloo,"Waterloo, ON",,4.4
393,Data Analyst - Land,Fugro,"Mississauga, ON",,3.9
394,Business Analyst/ Consultant,Deloitte,"Toronto, ON",,4.0
395,newBusiness Analyst,MarshallZehr Group Inc.,"Waterloo, ON",,
396,Support Data Analyst (Python),ATP,Remote,,
397,newSenior Associate Data Analyst -Monetization (Google Ad Manag...,Publicis Sapient,"Toronto, ON",,3.9
398,Data Analyst,NorWest Community Health Centres,"Thunder Bay, ON",,
399,"newAnalyst, Business Insights (Remote)",World Vision Canada,+19 locationsRemote,,3.9
400,newIT Business Analyst (Data Stage),Dawn InfoTek Inc.,"Toronto, ON",$50 - $60 an hour,
401,Data Analyst,Dawn InfoTek Inc.,"Toronto, ON",$35 - $42 an hour,
402,newMarketing Data - Analyst,Desjardins,"Hybrid remote in Toronto, ON",,3.9
403,"Associate, Business Analyst",Capital One,"Hybrid remote in Toronto, ON",,3.9
404,"Business Data Analyst - Government & Public Sector, Omnia AI",Deloitte,Canada,,4.0
405,Data Analyst,Tikinagan Child & Family Services,"Sioux Lookout, ON",,3.3
406,Junior Business Analyst,The Skyline Group of Companies,"Guelph, ON",,2.8
407,Market Data Analyst,S4 Market Data,"Remote in Toronto, ON",,
408,newBUSINESS ANALYST CITY CLERKS OFFICE,City of Toronto,"Toronto, ON","$88,980 - $104,541 a year",4.2
409,Master Data Analyst,Alstom,"Brampton, ON",,4.0
410,Rating Analyst - ABS Cash Flow,S&P Global,"Remote in Toronto, ON","$46,200 - $75,000 a year",3.9
411,Data Analyst,Xylem,"Temporarily Remote in Mississauga, ON",,3.4
412,newBusiness Analyst - 1 Year Contract,Scotiabank,"Toronto, ON",,3.9
413,Senior Market Research Analyst,SAIT,"Calgary, AB","$72,098 - $78,724 a year",4.0
414,Product Analyst,Canadian Tire Corporation,Ontario,,3.6
415,newMarketing Analyst,ARZ Fine Foods,"North York, ON",,3.8
416,"Analyst, Credit Risk",PC Financial,"Toronto, ON",,3.2
417,"newAnalyst, FX Confirmations",Scotiabank,"Toronto, ON",,3.9
418,newMarket Data Analyst,Autodesk,"Toronto, ON",,4.1
419,newBusiness Analyst,Chef Brandz,"Mississauga, ON","$55,000 - $60,000 a year",3.3
420,Digital Email Marketing Data Analyst (Revenue),The Globe and Mail,"Toronto, ON",,3.8
421,Business Analyst - Banking,Tresume,"Markham, ON",,
422,Data Analyst - Reporting,Score Media Ventures Inc.,"Toronto, ON",,
423,"newBusiness Analyst Student, Transportation Operational Analysi...",Canadian Tire Corporation,"Brampton, ON",,3.6
424,newBusiness Analyst,EGATE Networks,"North York, ON","$50,000 - $60,000 a year",
425,newPricing Analyst,DSV,"Milton, ON+1 location",,3.4
426,Business Analyst,Shorewise Inc,"Toronto, ON",,
427,Business Analyst,AlertDriving,"Toronto, ON",,
428,Business Analyst Associate Manager,Canada Life Assurance Company,"London, ON",,3.7
429,CPFR Analyst,Reckitt,"Mississauga, ON",,3.8
430,newCosting Analyst,Chef Brandz,"Mississauga, ON","$65,000 - $70,000 a year",3.3
431,Reporting Analyst,BGIS,"Ottawa, ON",,3.1
432,Cost & Scheduling Analyst,Kinectrics,"Etobicoke, ON","$60,000 - $80,000 a year",
433,"newBusiness Operations Analyst I, AWS Commerce Platform Busines...",Amazon Dev Centre Canada ULC,"Vancouver, BC",,3.5
434,DATA ANALYST,Bureau Veritas,"Mississauga, ON",,3.7
435,"newBusiness Operations Analyst I, AWS Commerce Platform Busines...",Amazon Dev Centre Canada ULC,"Vancouver, BC",,3.5
436,DATA ANALYST,Bureau Veritas,"Mississauga, ON",,3.7
437,"newData Analyst, System Optimization",Fraser Health,"Surrey, BC",,3.7
438,Data Analyst (Growth-Marketing),Game Hive Corporation,"Toronto, ON",,
439,HR Data Analyst,Ledcor,"Calgary, AB+2 locations",,3.7
440,Asset Management Analyst,GWL Realty Advisors,"Toronto, ON",,3.7
441,Business Analyst - DW/ETL,Capgemini,"Remote in Toronto, ON",,3.8
442,"Data Visualization Consultant, Omnia AI",Deloitte,"Toronto, ON",,4.0
443,Data Analyst,Maverin Inc.,"Temporarily Remote in Ottawa, ON","$75,000 a year",
444,newBusiness Analyst,"Sun Pharmaceutical Industries, Inc.","Brampton, ON",,3.8
445,Business System Analyst,Genpact,Ontario,,
446,E-Commerce Analyst,Gordon Food Service Canada,"Milton, ON",,3.5
447,Data Analyst - Energy,ICF,"Ottawa, ON",,3.4
448,newBusiness Immigration Analyst,"Fragomen,(Canada) Co.","Hybrid remote in Toronto, ON",,3.2
449,newBusiness Analyst,MarshallZehr,"Waterloo, ON",,
450,GIS Data Analyst,Pomerleau,"Remote in Montréal, QC",,3.8
451,Support Analyst,Fundserv Inc.,"Toronto, ON",,
452,newAcademic Quality Data Analyst,George Brown College,"Toronto, ON",$35.39 - $41.01 an hour,4.3
453,newUser Research Analyst,Ubisoft,"Quebec City, QC",,3.8
454,"newAnalyst, Inventory",Anheuser-Busch,"Creston, BC",,3.7
455,"Senior Analyst, Canadian Fixed-Income Operations",BMO Financial Group,"Toronto, ON",,3.8
456,Senior Data Analyst,Wave,"Toronto, ON",,3.3
457,newServices Operations Analyst,Conexiom,"Kitchener, ON",,2.0
458,newSystems Analyst – PeopleSoft,Grant MacEwan University,"Hybrid remote in Edmonton, AB","$67,540 - $98,244 a year",4.2
459,Business Analyst,CAPREIT,"Toronto, ON",,3.2
460,Sr. Data Science Analyst,University Health Network,"Toronto, ON","$71,195 - $88,998 a year",4.1
461,HCM - IT Support Analyst,BURNCO Rock Products,"Remote in Calgary, AB",,3.0
462,Business + Data Analyst,Kitchen Hub,"Toronto, ON",,
463,Data Analyst II (Data Science/ML),Cvent,"Remote in Fredericton, NB",,3.6
464,Associate Analyst (entry level) Data Lineage & Control,Royal Bank of Canada,"Halifax, NS",,4.0
465,Associate Analyst (entry level) Data Lineage & Control,Royal Bank of Canada,"Halifax, NS",,4.0
466,Business Analyst,Teleperformance Canada,"Toronto, ON","$51,000 a year",3.5
467,newBusiness Intelligence Analyst,Ornge,"Mississauga, ON",,3.8
468,Business Analyst 3,FortisBC,"Trail, BC",$42.91 an hour,3.4
469,Actuarial Analyst - Data Science,Aviva,"Montréal, QC",,3.8
470,newMDM Business Analyst,Cognizant,"Mississauga, ON",,3.9
471,Data Analyst,Unity Technologies,"Remote in Toronto, ON",,
472,newKnowledge Management & Translation Analyst,University Health Network,"Toronto, ON",,4.1
473,Senior Data Analyst,Deloitte,"Toronto, ON",,4.0
474,"Fraud Analyst, Deposit Fraud",BMO Financial Group,"Toronto, ON",,3.8
475,newSENIOR SYSTEM ANALYST LEAD PROGRAMMER,Ministry of Health,"Remote in North York, ON","$1,391 - $1,778 a week",3.9
476,Agile Business Analyst (Remote),Cognizant Microsoft Business Group,"Remote in Toronto, ON",,
477,Business Development Analyst (Paid Internship),Avesdo,"Remote in Toronto, ON",$16 an hour,4.3
478,Customer Service Analyst,Unilever,"Toronto, ON",,4.2
479,newBusiness Systems Analyst - Summer Student,City of Regina,"Regina, SK",$25.35 an hour,
480,newBusiness Systems Analyst - Summer Student,City of Regina,"Regina, SK",$25.35 an hour,
481,"Analyst, Business Intelligence",L3Harris Technologies,"Mirabel, QC",,3.7
482,"newAnalyst, Engineering V&V",General Dynamics Missions Systems-Canada,"Ottawa, ON",,3.8
483,newBusiness Analyst,Sportlogiq,"Remote in Montréal, QC","$60,000 - $110,000 a year",2.4
484,newBusiness Systems Analyst,Royal Bank of Canada,"Toronto, ON+1 location",,4.0
485,Business Analyst,Accenture,"Toronto, ON+3 locations",,4.0
486,newPolicy Analyst (Regional Parks),Metro Vancouver,"Burnaby, BC","$4,774 - $6,763 a month",3.8
487,Programmer Data Analyst-Mississauga-Officer/C11,Citi,"Mississauga, ON",,3.9
488,Remedy System Analyst,CGI Inc,Remote,,3.6
489,newBusiness Intelligence Analyst Co-op,Definity,"Remote in Waterloo, ON+1 location",,
490,Data Analyst,Genpact,"Temporarily Remote in Montréal, QC",,
491,"Procurement Operations Analyst - Brampton, ON","AMZN CAN Fulfillment Svcs, ULC","Brampton, ON+1 location",,3.5
492,newSenior Web Analyst,Bench Accounting,"Remote in Vancouver, BC","$88,480 - $110,600 a year",4.3
493,DA Receipt Quality Analyst,NielsenIQ,"Markham, ON",,
494,IT Business Analyst,Right to Play,"Toronto, ON","$67,000 - $73,000 a year",4.1
495,"Data Analyst, Business Intelligence (Toronto)",StackAdapt,Canada,,4.5
496,Sr. Business Analyst,Wipro Limited,"Toronto, ON",,3.8
497,newBusiness Analyst,Foxquilt,"Hybrid remote in Toronto, ON",,
498,Business Operations Analyst (BMT),Baylis Medical Technologies,"Hybrid remote in Mississauga, ON",,
499,Business Analyst,Active Exhaust Corp.,"Toronto, ON",,2.9
500,"Analyst, Data Solutions (Toronto)",StackAdapt,Canada,,4.5
501,newFire Policy & Procedure Analyst,City of Regina,"Regina, SK",$31.69 - $39.73 an hour,
502,Policy Analyst – Fisheries Sector,Assembly of First Nations,"Ottawa, ON",,2.8
503,IT Computer Systems Analyst 2022 - Remote,Canadian Musicians Co-operative,"Temporarily Remote in Barrie, ON",,4.3
504,newGIS Analyst,Brookfield Properties,"Remote in Calgary, AB",,3.7
505,HRIS Analyst,Aecon Group,"Toronto, ON",,4.0
506,"Analyst, Data Management",Spin Master Ltd,"Toronto, ON",,3.4
507,Strategy Analyst,Databook,"Remote in Toronto, ON",,
508,newSupport Desk Analyst - Tier 2,Gemstone Logistics,"Hybrid remote in Sherwood Park, AB","$50,000 - $65,000 a year",
509,"newBusiness Operations Analyst II, AWS Commerce Platform Busine...",Amazon Dev Centre Canada ULC,"Vancouver, BC+2 locations",,3.5
510,newBI Analyst (Montreal/Columbus/North America),Emplifi,"Remote in Montréal, QC",,
511,newBusiness Analyst,Cognizant Technology Solutions,"Mississauga, ON",,3.9
512,Lead Data Analyst,EDealer,"Toronto, ON",,2.5
513,"newInternal Control - Regulatory Controls, Regulatory Data Anal...",Scotiabank,"Toronto, ON",,3.9
514,newCustomer Supply Chain Analyst (Hybrid Work Model),The J. M. Smucker Company,"Hybrid remote in Markham, ON",,3.6
515,Senior Data Analyst,Electrical & Automation Industry Careers,"Toronto, ON",,
516,newResearch Analyst,BOMA Edmonton,"Edmonton, AB","$36,000 a year",
517,Media Analyst,Wavo,"Remote in Montréal, QC",,
518,"newAnalyst, BSC Logistics Materials",Anheuser-Busch,"Toronto, ON",,3.7
519,newBusiness Analyst,Queen's University,"Kingston, ON",,4.3
520,newValidation Analyst,AutoCanada Inc.,"Edmonton, AB",,3.2
521,newActuarial Analyst: Neurodiversity Hiring Initiative,Specialisterne Canada,"Toronto, ON",,
522,"Business Analyst, Strategic Projects",ecobee,"Remote in Toronto, ON",,2.9
523,Associate Business Analyst,Olympus Corporation of the Americas,"Richmond Hill, ON",,3.6
524,Data Analyst (3-6 Month Contract),Mircom Group of Companies,"Vaughan, ON",,3.1
525,"Business Analyst, Strategic Projects",ecobee,"Remote in Toronto, ON",,2.9
526,Associate Business Analyst,Olympus Corporation of the Americas,"Richmond Hill, ON",,3.6
527,Data Analyst (3-6 Month Contract),Mircom Group of Companies,"Vaughan, ON",,3.1
528,Digital Marketing Analyst,aha insurance,"Kitchener-Waterloo, ON",,
529,Business Analyst,CBI Health,"Toronto, ON",,2.8
530,newBusiness Systems Analyst,Mariner Innovations,"Saint John, NB+6 locations",,4.0
531,Digital Analyst (Remote),OTIP (Ontario Teachers Insurance Plan),"Remote in Waterloo, ON",,3.2
532,Data Analyst - Mobile QV,Electronic Arts,"Vancouver, BC",,3.8
533,Data Analyst,Mueller Water Products,"Toronto, ON",,2.9
534,Junior Pricing Analyst,Marks Supply Inc,"Kitchener, ON",,2.8
535,"Analyst, CRM Support & Operations (18-month contract)",Deloitte,Canada,,4.0
536,Sr Operational Ex Analyst,Honeywell,"Kanata, ON",,3.7
537,newSenior Data Analyst BHJOB13022_12127,Ignite Technical Resources.,Remote,,
538,"Business Analyst - ETL, Data",AstraNorth,"Temporarily Remote in Toronto, ON","$110,000 a year",
539,Data Analyst,LMC Healthcare,Remote,,2.9
540,Data Analyst,LMC Healthcare,Remote,,2.9
541,Sr. Business Analyst,CirrusLabs,"Hybrid remote in Oakville, ON",$50 an hour,
542,technical support analyst - systems,Valiantys Inc.,"Remote in Etobicoke, ON",$37.21 an hour,
543,Analyst - Reliability & Technical Support,Westjet Airlines,"Remote in Calgary, AB",,3.9
544,"newBusiness Analyst, Process Optimization",BGRS,Temporarily Remote,,3.4
545,"Sr. Data Analyst, Product Operations",Q4,Remote,,3.5
546,"newProcess Analyst, IT Asset Management",Bank of Canada,"Temporarily Remote in Ottawa, ON",,4.0
547,Systems Analyst - Enterprise Architecture,BMO Financial Group,"Toronto, ON",,3.8
548,newAccounts Receivable Cash Application Analyst,EMCO Corporation,"Temporarily Remote in London, ON",,3.3
549,Data Management/Data Analyst,Sanofi US,"Hybrid remote in Toronto, ON",,4.1
550,Business Support Analyst,BMO Financial Group,"Toronto, ON",,3.8
551,newWorkforce Analyst,Ontario Ministry of the Solicitor General,"Toronto, ON",,3.0
552,newSAP Master Data Analyst,SyLogix Consulting Inc.,"North York, ON",$70 - $95 an hour,
553,Senior Data Analyst,J.D. Power,"Remote in Toronto, ON",,
554,Data Analyst,"JELD-WEN, inc","Woodbridge, ON",,3.1
555,Data Analyst - Reporting,theScore Inc.,"Toronto, ON",,3.3
556,Business Analyst,Plan Group,"Vaughan, ON",,3.6
557,Data Analyst - Paradigm Quest,MCAP,"Toronto, ON",,3.5
558,Kronos Functional Analyst,Amazon Dev Centre Canada ULC,"Toronto, ON",,3.5
559,newWILDLIFE RESEARCH ANALYST,"Ministry of Northern Development, Mines, Natural...","Thunder Bay, ON","$1,270 - $1,568 a week",
560,Data Analyst,City of Edmonton,"Edmonton, AB",$38.71 - $48.36 an hour,3.7
561,newSr. Business Systems Analyst,TD Bank,"Toronto, ON+1 location",,3.8
562,newSAP Data Analyst,Cenovus Energy,"Lloydminster, SK",,3.7
563,"Sr. Data Analyst, MRM",MRM,"Toronto, ON",,
564,Financial & Data Analyst Fall 2022 Student,Royal Bank of Canada,"Toronto, ON",,4.0
565,Data Analyst/ Data Engineer/ Datawarehouse Analyst,Shorewise Consulting LLC,"Remote in Mississauga, ON",$47 an hour,
566,newBusiness Analyst,Avenu Insights & Analytics,"Mississauga, ON",,
567,Risk Data Analyst,Equitable Life of Canada,"Waterloo, ON",,3.8
568,"Sr Data Analyst, Sports",Rogers Communications,"Temporarily Remote in Toronto, ON",,3.7
569,newTD Innovation Lab - Business Analyst Co-op,TD Bank,"Kitchener, ON",,3.8
570,Program Management Office (PMO) Analyst,APV,"Remote in Spanish, ON",,
571,newData Analyst and Report Writer,Toronto School of Management,"Toronto, ON",,4.0
572,Business Analyst,Clarius Mobile Health,"Remote in Vancouver, BC",,4.8
573,Security Data Analyst,eSentire,"Waterloo, ON+1 location",,3.9
574,Loyalty Data Analyst,Lululemon,"Vancouver, BC",,4.2
575,computer systems analyst,CIT Corp,"Concord, ON",$40 an hour,3.8
576,newSTO 21R - GIS Analyst,BC Public Service,"Campbell River, BC+1 location",,3.4
577,"newLead Business Analyst, Technology & Data Delivery",CPP Investments,"Toronto, ON",,
578,Data Analyst,LeddarTech - Envision the road ahead!,"Quebec City, QC+1 location",,4.0
579,newDNA PRODUCT LINE ANALYST,Johnson & Johnson,"Toronto, ON",,4.2
580,newHR Systems and Business Analyst (Vancouver - Remote),Providence Health Care,Remote in British Columbia,,
581,database analyst,Delbridge Solutions Inc.,"Remote in Concord, ON","$62,800 a year",4.0
582,Data Governance Analyst,Dapper Labs,Remote,,
583,"Analyst, Economic Advisory",EY,"Toronto, ON",,4.0
584,newQuality Assurance Analyst,The Cadillac Fairview Corporation Limited,"Toronto, ON",,3.7
585,"Data Analyst, Product Management",Geotab,"Remote in Oakville, ON",,2.7
586,Innovation Analyst (Up to 24 Months) - J0422-0885,The City of Kingston,"Kingston, ON",$34.05 - $42.56 an hour,3.1
587,newCustomer Supply Chain Analyst,coty,"Toronto, ON",,
588,Data Analyst,Stewart Title Guaranty Company,"Toronto, ON",,3.3
589,Business and Reporting Analyst,Canadian Tire Corporation,"Toronto, ON",,3.6
590,newSenior Legislative and Policy Analyst,Manitoba Government,"Winnipeg, MB","$65,288 - $82,064 a year",3.7
591,newBusiness Intelligence Analyst,Foss National Leasing Ltd.,"Markham, ON",,
592,Business System Analyst,Auvenir,"Toronto, ON",,3.7
593,newDigital Marketing Analyst,Trulioo,"Vancouver, BC",,4.0
594,Business Analyst,Simon Fraser University,"Burnaby, BC","$69,903 - $83,473 a year",4.2
595,newInventory Control Analyst,THE SHANDEX GROUP,"Pickering, ON","$40,000 - $45,000 a year",3.6
596,newBusiness Intelligence Analyst,OSL Retail Services Inc,"Mississauga, ON",,2.9
597,Settlements Analyst,Peak Power,"Toronto, ON",,
598,data warehouse analyst,VISAY TECHNOLOGIES INC,"Edmonton, AB",$42.05 an hour,
599,Senior Data/Report Analyst,Government of Saskatchewan,"Regina, SK",$42.52 - $51.74 an hour,3.8
600,Settlements Analyst,Peak Power,"Toronto, ON",,
601,data warehouse analyst,VISAY TECHNOLOGIES INC,"Edmonton, AB",$42.05 an hour,
602,Senior Data/Report Analyst,Government of Saskatchewan,"Regina, SK",$42.52 - $51.74 an hour,3.8
603,Data Analyst,Woodlands Head Office,"Saint John, NB",,2.7
604,marketing analyst,Grewal Immigration Services Ltd.,"Edmonton, AB","$1,443 a week",
605,"Analyst, Client Data Analytics",Royal Bank of Canada,"Halifax, NS",,4.0
606,Business Insights Analyst,TD Bank,"Toronto, ON",,3.8
607,Business Analyst,McDougall Energy Inc.,"Sault Ste. Marie, ON+1 location",,2.7
608,Routing & Scheduling Analyst,City of Regina,"Regina, SK",$36.71 - $45.90 an hour,
609,Research Analyst – Land and Development,Avison Young Canada,"Markham, ON",,
610,newPower BI Developer,PlanIT Search,"Toronto, ON","$80,000 - $103,000 a year",2.0
611,newSupply Chain Data Analyst,ATS Automation Tooling Systems Inc.,"Cambridge, ON",,3.1
612,analyst - market research,"Paradigm Sample Holdings Canada,ULC","Toronto, ON",$37 an hour,
613,BUSINESS ANALYST,EPC Industries Limited,"Amherst, NS",,
614,"newANALYST, INTERNATIONAL STUDENT SERVICES",Universite Concordia,"Montréal, QC","$69,064 - $82,479 a year",4.1
615,newBusiness Systems Analysts for BI Projects,Copperstone Connect,"Toronto, ON",,
616,Pricing Analyst,Royal Bank of Canada,"Toronto, ON",,4.0
617,Supply Chain Analyst,Atrium Innovations,"Richmond Hill, ON",,3.3
618,business intelligence analyst,Labour Market Information Council / Conseil de...,"Ottawa, ON","$67,000 - $77,000 a year",
619,Customer Experience Analyst,CWD (Circus World Displays),"Niagara Falls, ON",,3.3
620,Senior Data Analyst,Kognitiv Corporation,"Toronto, ON",,
621,"Coordinator/Analyst, Citizenship Operations",Royal Bank of Canada,"Toronto, ON",,4.0
622,Master Data Mgmt Analyst,Husky Injection Molding,"Bolton, ON",,3.7
623,"Data Analyst, Inventory Partnerships (Toronto)",StackAdapt,Canada,,4.5
624,Business Analyst,NCM Associates,"Moncton, NB",,
625,newSenior AML Advisory Analyst,TD Bank,"Toronto, ON",,3.8
626,DEVELOPER / DATA ANALYST,AXIS Database Marketing,"Mississauga, ON",,
627,"Business Data Analyst, Investment Analytics",OMERS,"Toronto, ON",,3.4
628,"Sr. Data Analyst, MRM",Worldgroup Careers MWT,"Toronto, ON",,4.0
629,Project Analyst II,TD Bank,"Toronto, ON",,3.8
630,newIT (information technology) business analyst,Clovda Technologies,"Calgary, AB",$48.72 an hour,
631,Quantitative Analyst,ARGO,"Markham, ON",,
632,Technical Business Analyst,Myplanet,"Remote in Toronto, ON",,4.5
633,Business Analyst I - TELUS Health,TELUS,"Toronto, ON",,3.9
634,newIT Technology Support Analyst I,LaSalle College Vancouver,"Vancouver, BC","$40,000 - $50,000 a year",4.3
635,newSenior Data Analyst,Hitachi Solutions Ltd,"Toronto, ON",,3.8
636,Data Analyst,SYNNEX Corporation,"Toronto, ON",,3.5
637,Business System Analyst,Aversan,"Vaughan, ON",,3.2
638,Data Analyst // Analyste(e) des données,Triton Digital Canada Inc.,"Toronto, ON+1 location",,
639,Data Analyst,McCain Foods (Canada),"Florenceville-Bristol, NB",,3.6
640,Business Intelligence Developer,PRA Health Sciences,Remote,,3.5
641,Data and Reporting Analyst,Vermilion Energy,"Calgary, AB",,3.5
642,newBusiness Analyst,Dawn InfoTek Inc.,"Kingston, ON+1 location",$80 - $100 an hour,
643,newSenior QA Analyst,Geotab,"Remote in Waterloo, ON",,2.7
644,"BI Analyst, Data Operations",Compass Group,"Mississauga, ON",,3.2
645,"Analyst, Data & Analytics Access Mgmt.",BMO Financial Group,"Toronto, ON",,3.8
646,newNews and Media Analyst,University of Alberta,"Edmonton, AB","$62,321 - $85,429 a year",4.3
647,"Business Analyst, Sustainability",Canadian Tire Corporation,"Toronto, ON",,3.6
648,Technical Business Analyst,Scotiabank,"Toronto, ON",,3.9
649,newBusiness Analyst Co-op [Ecosystem],CaseWare IDEA,Ontario,,
650,Business analyst,Unisys,"Halifax, NS",,3.6
651,Senior Business Analyst,BMO Financial Group,"Toronto, ON",,3.8
652,Senior Business Analyst- Digital Services Team,Regional Municipality of Peel,"Remote in Brampton, ON","$84,335 - $105,417 a year",4.2
653,Business Analyst - IT / Operations,Canada Guaranty,"Toronto, ON",,
654,Data Analyst,HKJ Marketing,"Richmond, BC",,
655,Observer Analyst,Cubic Corporation,"Gagetown, NB+1 location",,3.7
656,"Data Analyst Intern, HR",The North West Company,"Winnipeg, MB",,3.9
657,marketing analyst,Dr. Kiarash Gharabaghi Dentistry Professional...,"Woodbridge, ON",$36 an hour,
658,Inventory Analyst,Rogers Communications,"Temporarily Remote in Toronto, ON",,3.7
659,iGAMING ANALYST,Niagara Casinos,"Niagara Falls, ON",,3.8
660,Business Analyst,Motoinsight,"Toronto, ON",,4.5
661,Sr Business Systems Analyst,Canada Life Assurance Company,"London, ON",,3.7
662,Senior Business Analyst,Government of Saskatchewan,"Regina, SK",$37.43 - $46.91 an hour,3.8
663,"newBusiness Analyst, Technology",Hasbro,"Toronto, ON",,4.1
664,"newGBP Analyst, Strategic Pricing - Fall 2022 Internship",Scotiabank,"Toronto, ON",,3.9
665,newSENIOR BUSINESS ANALYST-DECISION SUPPORT,St. Mary’s General Hospital,"Kitchener, ON",$41.63 - $52.70 an hour,4.3
666,Marketing Analyst,Canadian Tire Corporation,"Vaughan, ON",,3.6
667,Cloud Business Analyst,BMO Financial Group,"Toronto, ON",,3.8
668,Sr. Business Data Analyst,Canadian Tire Financial Services,"Oakville, ON",,3.6
669,newBI Specialist,TD Bank,"Toronto, ON+1 location",,3.8
670,Quality Assurance Analyst - Data,CPQi,"Toronto, ON",,
671,"newManager, Business Intelligence",Royal Bank of Canada,"Toronto, ON",,4.0
672,Data Analyst,Virtusa,"Halifax, NS",,3.7
673,Business Intelligence Analyst,Ferris Wheel Press,"Markham, ON","$44,000 - $55,000 a year",
674,Associate Analyst 3 - Toronto,ZM Financial Systems,"Toronto, ON",,
675,"newManager, Business Intelligence",Royal Bank of Canada,"Toronto, ON",,4.0
676,Data Analyst,Virtusa,"Halifax, NS",,3.7
677,Business Intelligence Analyst,Ferris Wheel Press,"Markham, ON","$44,000 - $55,000 a year",
678,Associate Analyst 3 - Toronto,ZM Financial Systems,"Toronto, ON",,
679,Business Analyst with Sentry experience,Luxoft,Remote,,
680,"Functional Analyst, BI & Analytics",TransLink,"Metro Vancouver Regional District, BC","$7,044 a month",3.7
681,Marketing Science Analyst,Critical Mass,"Remote in Calgary, AB",,3.6
682,BUSINESS SYSTEMS ANALYST (III),McMaster University,"Hamilton, ON",,4.3
683,newElectronic Health Record (EHR) Systems Analyst (multiple vac...,Clackamas County,"Temporarily Remote in Montréal, QC","$72,795 - $92,165 a year",
684,newBusiness & Workforce Management Analyst,City of Regina,"Regina, SK",$33.71 - $42.24 an hour,
685,Senior BI Specialist,Advanced Analytics and Research Lab,"Remote in Toronto, ON","$5,000 a month",
686,Anti-Money Laundering (AML) Risk Analyst,iGaming Ontario,"Toronto, ON","$70,680 a year",
687,newHRIS Analyst – Workday,SYNNEX Corporation,"Hybrid remote in Toronto, ON",,3.5
688,"Junior Business Analyst, IT",DP World Vancouver,"Burnaby, BC",,4.0
689,Research Project Manager and Data Analyst,Coaldale Veterinary Clinic,"Lethbridge County, AB",,
690,RES 0 24R - Marketing Data Analyst***AMENDED CLOSE DATE***,BC Public Service,"Vancouver, BC","$66,558 - $75,884 a year",3.4
691,Analyst Pharmacy and Liquor,Federated Co-operatives Limited,"Remote in Saskatoon, SK",,3.4
692,"Business Data Analyst, Data Management",MUFG Investor Services,"Temporarily Remote in Halifax, NS",,3.4
693,newbusiness systems analyst,System Micro Technology and Consulting Corp,"Oakville, ON",$39 an hour,
694,Business Analyst,WBM TECHNOLOGIES INC.,"Vancouver, BC+1 location",,3.3
695,Marketing Data Analyst,Destination British Columbia,"Vancouver, BC","$66,558 - $75,884 a year",
696,Lead Business Intelligence Analyst,Fresh Prep,+2 locationsRemote,,3.5
697,Data Visualization Engineer,Sanofi,"Hybrid remote in Toronto, ON",,4.1
698,newBusiness Intelligence Specialist,TD Bank,"Toronto, ON",,3.8
699,Jnr Business System Analyst,State Street,"Toronto, ON",,3.5
700,newBMO Insurance Service Centre (BISC) Analyst,BMO Financial Group,"Toronto, ON",,3.8
701,Business Analyst: Neurodiversity Hiring Initiative,Specialisterne Canada,"Remote in Greater Toronto Area, ON",,
702,"newSenior Analyst, Data Analytics",ArcelorMittal Dofasco,"Hamilton, ON",,4.0
703,Data Engineer/Analyst,Software International,"Remote in St. Catharines, ON",,
704,newData Analyst,Dorigo Systems,"Burnaby, BC",,2.7
705,Business Systems Analyst I,PortfolioAid Inc.,"Toronto, ON","$55,000 - $65,000 a year",3.0
706,"Data Analyst, Omnia AI (CDC)",Deloitte,"Montréal, QC",,4.0
707,newBusiness Analyst,Vancouver Coastal Health,"Surrey, BC+1 location",$33.35 - $47.94 an hour,3.7
708,Business Intelligence Analyst,WorkSafeNB,"Saint John, NB","$71,146 - $83,700 a year",3.7
709,Junior Clinical Trials Data Analyst (Hybrid),IQVIA,"Ottawa, ON",,3.8
710,newIT Business Analyst,Green PI Inc on behalf of City of Burnaby,"Remote in Burnaby, BC",,
711,Systems Analyst,HarperCollins Publishers,"Remote in Toronto, ON",,3.9
712,Jira Business Systems Analyst,Geotab,"Remote in Oakville, ON",,2.7
713,Customer Experience Strategy Analyst,NewAge Products Inc,"Remote in Mississauga, ON+2 locations",,4.1
714,newBusiness Systems Analyst,Peter LeGeyt Recruiting,"Calgary, AB","$70,000 - $90,000 a year",
715,Business Intelligence Analyst,Launch Potato,"Remote in Toronto, ON",,
716,Sales Data Analyst,Mister Safety Shoes,"Hybrid remote in North York, ON",,3.1
717,newIndustrial Planning Analyst,Tenaris,"Sault Ste. Marie, ON",,3.9
718,newSr. Business Systems Analyst - Hybrid,Canon Canada,"Temporarily Remote in Brampton, ON",,3.5
719,Master Data Analyst,FMC Corporation,"Calgary, AB",,4.0
720,Data Governance Analyst,Home Trust Company,"Toronto, ON",,3.6
721,Corporate Analyst-CDN,GM Financial,"Toronto, ON",,3.6
722,"newPlanning & Research Analyst, Affordable Housing",Rural Development Network,"Temporarily Remote in Edmonton, AB","$55,000 - $63,600 a year",
723,"Intermediate Business Analyst, Data and Analytics",Home Trust Company,"Toronto, ON",,3.6
724,Junior CRM Business Analyst,Educators Financial Group,"Toronto, ON",,2.8
725,ANALYSTE DE DONNÉES/ DATA ANALYST,Frima Studio,"Remote in Quebec City, QC",,4.0
726,newBusiness Systems Analyst,MSi Corp (Bell Canada),"Ottawa, ON+2 locations",,3.6
727,marketing analyst,Grizzly Trucks,"Edmonton, AB",$50 an hour,
728,Payroll Administrator and Analyst,Carizon,"Kitchener, ON",$25.93 - $30.87 an hour,
729,Marketing Database Analyst,CAA INSURANCE,"Thornhill, ON",,4.4
730,Network Analyst (IP & WAN),NorthwesTel,"Yellowknife, NT",,3.8
731,Analyst – Investment Banking,Haywood Securities,"Toronto, ON",,2.7
732,Business Intelligence Analyst,Altus Group,"Hybrid remote in Toronto, ON",,2.7
733,Business Analyst,The Principal TAG,"Temporarily Remote in Mississauga, ON","$49,074 - $101,707 a year",
734,Business Intelligence Analyst,Bounteous,Canada,,
735,Pricing Analyst,Canadian Tire Corporation,"Toronto, ON",,3.6
736,computer systems analyst,Newlink.Ca Inc,"Markham, ON",$45 an hour,
737,Planning Information Analyst,Halifax Regional Municipality,"Halifax, NS",$33.08 an hour,4.2
738,Data Analyst,Swiss Re,"Toronto, ON",,4.0
739,Business analyst,GardaWorld,"Mississauga, ON",,2.7
740,newBusiness System Analyst,Duca,"Toronto, ON",,
741,Business Analyst,Myers-Holum,"Remote in Toronto, ON",,
742,"Senior Analyst, Data Management - IT",Johnson & Johnson,"Markham, ON",,4.2
743,"Fraud Analyst, Deposit Fraud",BMO Financial Group,"Toronto, ON",,3.8
744,newData Analyst,Desjardins,"Hybrid remote in Montréal, QC",,3.9
745,IT Business Analyst,Intact,"Remote in Montréal, QC",,3.8
746,Strategic Planning and Information Analyst #507,Victoria Cool Aid Society,"Victoria, BC",$30.24 - $32.69 an hour,3.1
747,iGaming Analyst,Casino Niagara,"Niagara Falls, ON",,4.0
748,database analyst,Unisystech Consulting inc.,"North York, ON","$80,000 - $90,000 a year",
749,"Business System Analyst – SQL, Data",AstraNorth,"Toronto, ON",,
750,database analyst,Unisystech Consulting inc.,"North York, ON","$80,000 - $90,000 a year",
751,"Business System Analyst – SQL, Data",AstraNorth,"Toronto, ON",,
752,QC Analyst 1 - Afternoon shift,Bimeda,Canada,$13 an hour,3.0
753,Market Intelligence Analyst,The Canadian Institute,"Toronto, ON","$50,000 a year",2.6
754,newBusiness Analyst,Waterloo Regional Police Service,"Cambridge, ON",,2.8
755,newSecurity Analyst,Groupe Dynamite Inc.,"Mont-royal, QC",,3.3
756,Junior Power Analyst,Dynasty Power Inc.,"Calgary, AB",,
757,newAnalyst - Trading Business Management (6 Months Contract),TD Bank,"Toronto, ON",,3.8
758,"newAnalyst, Digitization & Optimization Intern / Co-Op",TD Bank,"Remote in Toronto, ON",,3.8
759,Business Systems Analyst III (BluePrism / RPA),TD Bank,"Toronto, ON",,3.8
760,Business Analyst – Data Modelling,AstraNorth,"Temporarily Remote in Toronto, ON","$60,000 a year",
761,newRES O 24R - Senior Data Analyst,BC Public Service,"Victoria, BC",,3.4
762,"Data Operations Analyst - Bedford, NS (Fall 2022 Student)",Royal Bank of Canada,"Halifax, NS",,4.0
763,newData Analyst,Levio,"Montréal, QC",,4.1
764,"newData Analyst, Valuation & Advisory Services (Western Region)",Avison Young,"Vancouver, BC+2 locations",,3.6
765,Data Analyst,Methodhub Canada,"Mississauga, ON",,
766,IT Business Analyst,Dawn InfoTek Inc.,"Toronto, ON",$70 - $80 an hour,
767,Business Analyst,Red Nucleus,"Toronto, ON",,
768,Market Data Operation and Engineering Analyst,Royal Bank of Canada,"Toronto, ON",,4.0
769,IT Asset Management Analyst,"Foresters Financial Services, Inc.","Hybrid remote in Toronto, ON",,3.4
770,Data Analyst,CryptoKitties,"Vancouver, BC",,
771,Payroll Analyst,VECIMA TECHNOLOGY INC,Remote in Canada,,
772,newFall 2022 Co-op: DevOps Analyst,Rogers Communications,"Brampton, ON",,3.7
773,Business and Policy Analyst,Simon Fraser University,"Burnaby, BC","$75,285 - $89,904 a year",4.2
774,"Media Experts - Data Analyst, Audience & Analytics",IPG Mediabrands,"Toronto, ON",,3.7
775,Digital Business Analyst,Shell,"Fort Saskatchewan, AB",,3.9
776,Senior Data Analyst,Taking Root,"Remote in Vancouver, BC",,
777,Valuation Analyst,Colliers International,"Toronto, ON+5 locations",,3.8
778,"newBusiness Analyst, Pulp",West Fraser,"Quesnel, BC",,3.3
779,Sales Operation Analyst,ERCO Worldwide,Ontario,"$60,000 - $70,000 a year",3.5
780,newBusiness Operations Coordinator/Analyst,Mariner Innovations,"St. John's, NL+4 locations",,4.0
781,Analyst,St. Joseph's Healthcare Hamilton,"Hamilton, ON",,3.6
782,Data Analyst/Engineer,PopReach,"Vancouver, BC",,
783,newTechnical Business Analyst,Dawn InfoTek Inc.,"Toronto, ON",$70 - $85 an hour,
784,newBusiness Systems Analyst II,Canon Canada,"Temporarily Remote in Brampton, ON",,3.5
785,Data Analyst,eSSENTIAL Accessibility,"Toronto, ON",,
786,"newAnalyst, Enterprise Risk Management",Bank of Canada,"Temporarily Remote in Ottawa, ON",,4.0
787,"Business Analyst, Analytics and Automation",Reliance Home Comfort,"Toronto, ON",,3.0
788,"Supply Chain Analyst, Parts Management (Cambridge)",Toyota Motor Manufacturing Canada,"Pickering, ON",,3.0
789,Junior Asset Management Consultant and Data Analyst,GM BluePlan Engineering,"Vaughan, ON",,3.3
790,newBusiness Analyst,The Workers' Compensation Board,"Hybrid remote in Edmonton, AB","$73,500 a year",
791,"Data Analyst, Valuation Solutions",FCT,"Hybrid remote in Oakville, ON",,3.1
792,"Analyst, Artificial Intelligence",Air Canada,"Dorval, QC",,3.8
793,Systems Performance Analyst,Canadian Solar,"Guelph, ON",,3.5
794,Business Systems Analyst,Luxoft,"Toronto, ON",,
795,"newAnalyst, Actuarial Solutions",CAAT Pension Plan,"Temporarily Remote in Toronto, ON",,4.0
796,BUSINESS ANALYST - 6 MONTH TEMPORARY ASSIGNMENT,Ministry of the Solicitor General,"Orillia, ON","$1,656 - $2,076 a week",3.0
797,"DATA SIMULATION ANALYST, AREA X.O (24-Mon Term)",Invest Ottawa/Bayview Yards,"Ottawa, ON",,
798,Operations Specialist/Business Analyst supporting Capital Ma...,BMO Financial Group,"Toronto, ON",,3.8
799,Business Analyst,SpringGage,"Toronto, ON",,
800,newAnalyst,Alberta Health Services,"Calgary, AB",,3.8
801,"Data Analyst, Sales and Support (Americas, Remote)",FreshBooks,"Remote in Toronto, ON",,4.0
802,Data Privacy Analyst - REMOTE - Canada,GreenSlate LLC,"Remote in Toronto, ON",,
803,information systems business analyst,Edgetch HVAC Services Ltd.,"Mississauga, ON",$42 an hour,
804,Technology Analyst (DiscoverIT Program),Synoptek,"Saint John, NB",,3.0
805,Business Intelligence Analyst,Canada Deposit Insurance Corporation,"Ottawa, ON",,
806,Technical Business Analyst,United Way British Columbia,"Burnaby, BC+4 locations",$40.38 an hour,
807,Data Analyst,Coastal Community Credit Union,"Nanaimo, BC",,4.3
808,newSr Business Info Mgmt Analyst,TD Bank,"Toronto, ON+1 location",,3.8
809,Business System Analyst,CAPCO,"Toronto, ON",,3.4
810,Data Visualization Analyst - Senior,Insurance Corporation of British Columbia,"Hybrid remote in North Vancouver, BC","$81,258 - $88,019 a year",3.4
811,newFull-time Salesforce Application Administrator/Business Anal...,Algonquin College,"Remote in Ottawa, ON",$38.76 - $44.93 an hour,4.3
812,Data Analyst (Power BI) - REMOTE,Software International,"Remote in Toronto, ON",,
813,Business Analyst,Resolute Technology Solutions Inc,"Remote in Toronto, ON+3 locations",,4.2
814,STATISTICAL ANALYST,Leger,Remote,,2.9
815,Logistics Analyst,Maple Lodge Farms,"Mississauga, ON",,3.0
816,Business Analyst (2022-0106),ICTC,"Ottawa, ON",,
817,Insights Analyst,Environics Analytics,"Toronto, ON",,2.3
818,Data Management Analyst,Coast Capital Savings,"Hybrid remote in Surrey, BC",,3.7
819,Business Analyst - Incident Data (remote),Software International,"Remote in Brampton, ON",$110 - $120 an hour,
820,Business Information Systems Analyst,Bourgault Industries,"St. Brieux, SK",,3.8
821,Business Analyst (Toronto),StackAdapt,Canada,,4.5
822,newData Analyst,TD Bank,"Toronto, ON",,3.8
823,newDATA ANALYST,Business Development Bank of Canada,"Temporarily Remote in Montréal, QC",,3.8
824,newTechnical Key Account Analyst,Bolloré Logistics Canada,"Mississauga, ON",,3.5
825,newDATA ANALYST,Business Development Bank of Canada,"Temporarily Remote in Montréal, QC",,3.8
826,newTechnical Key Account Analyst,Bolloré Logistics Canada,"Mississauga, ON",,3.5
827,"Analyst I, Identity and Access Management",Moneris Solutions,"Remote in Toronto, ON",,3.4
828,Business Systems Analyst,Delbridge Solutions Inc.,"Concord, ON",,4.0
829,information systems analyst - computer systems,This is the Deal Inc.,"Toronto, ON",$41.60 - $44.00 an hour,
830,"newSenior Business Analyst, Transaction Data Master",TD Bank,"Toronto, ON",,3.8
831,Data Analyst/ Data Engineer/ Datawarehouse Analyst,Shorewise Consulting LLC,"Remote in Mississauga, ON",$47 an hour,
832,newBusiness Intelligence Developer,CAPREIT,"Toronto, ON",,3.2
833,Market Research Analyst,City of Regina,"Regina, SK",$31.69 - $39.73 an hour,
834,Business Analyst,GS1 Canada,"Toronto, ON",,2.8
835,newBusiness Analyst,Brookfield Renewable,"Gatineau, QC",,3.9
836,Business Intelligence Analyst,Luxoft,Remote,,
837,Sr. IT Ops Analyst (Data Backup & Protection),TD Bank,"Mississauga, ON",,3.8
838,Real Estate Market Analyst,Altus Group,"Halifax, NS",,2.7
839,Reporting and Data Analyst - Office of The Registrar,SAIT,"Calgary, AB","$75,000 - $85,000 a year",4.0
840,"newTechnical Analyst, Water Quality & Compliance",Regional Municipality of Peel,"Temporarily Remote in Brampton, ON",,4.2
841,Business Analyst,Alberta Motor Association,"Calgary, AB",,3.5
842,Research Project Manager and Data Analyst,Coaldale Veterinary Clinic,"Lethbridge County, AB",,
843,Lab Clinical Data Analyst,IQVIA,Remote,,3.8
844,"newBusiness Intelligence Partner, Regular Full Time, Ottawa",Home and Community Care Support Services Champlain,"Ottawa, ON",$40.85 an hour,3.8
845,"newBusiness System Analyst – AWS, DWH, SQL",AstraNorth,"Toronto, ON","$100,000 a year",
846,systems analyst,AdamSea Inc.,"Toronto, ON",$38.34 an hour,
847,Research Associate - Biostatistical Research Analyst,Lawson Health Research Institu,"Temporarily Remote in London, ON",,
848,"newAnalyst, Payroll & Data Services",Apotex,"North York, ON",,3.9
849,Business Analyst,Univeris Corp,"Hybrid remote in Toronto, ON",,
850,marketing analyst,Hire Hub Placement Agency,"Edmonton, AB",$48.08 an hour,
851,LMS Analyst,Aecon Group,"Toronto, ON",,4.0
852,newSenior BI Analyst,Shaw Communications,"Toronto, ON",,3.8
853,newBusiness Systems Analyst,ICBC,"North Vancouver, BC+1 location",,3.4
854,newBusiness Analyst (Change Management & Major Incident) (Tempo...,ISM Canada,"Regina, SK","$2,555 a week",3.1
855,Intermediate Data Analyst,AstraNorth,"Toronto, ON","$100,000 a year",
856,newData Industrialization Analyst,Thales,"Burlington, ON",,3.9
857,Data Analyst,CBRE,"Victoria, BC",,3.7
858,IT Business Analyst,AOT Technologies,"Victoria, BC",,
859,"Research Analyst I, Epidemiology",University Health Network,"Toronto, ON","$45,277 - $56,547 a year",4.1
860,business systems analyst,GLOBEWIN CONSULTING INC,"Remote in Toronto, ON",$45 an hour,
861,information systems business analyst,Ginqo Consulting Ltd,"Remote in Vancouver, BC+1 location","$80,000 - $90,000 a year",
862,"Fraud Analyst, Digital Banking",BMO Financial Group,"Toronto, ON",,3.8
863,information technology (IT) analyst,SCOOTER CITY,"Coquitlam, BC",$38.50 an hour,3.5
864,Senior Business Analyst,ASSURANCE,Remote,,
865,newQA Analyst - Python Automation Testing,Cognizant,"Toronto, ON",,3.9
866,Business Support Technical Analyst (CAD) - AMENDMENT,City of Calgary,"Calgary, AB",$38.14 - $50.98 an hour,4.0
867,Workday Data Conversion Analyst,KPMG,"Calgary, AB",,3.9
868,Data Analyst II,Coconut Software,Canada,,
869,"newStudent, Cloud Analyst (Fall 2022, 4-Months)",OMERS,"Toronto, ON",,3.4
870,Business Analyst,OGGN Inc.,"Ottawa, ON",,
871,Business Data Analyst,Healthcare of Ontario Pension Plan (HOOPP),"Hybrid remote in Toronto, ON",,3.8
872,Business Systems Analyst III,TD Bank,"Mississauga, ON+1 location",,3.8
873,"Senior Business Analyst, BSS",Netcracker,"Remote in Toronto, ON+1 location",,3.4
874,computer systems analyst,Adept Global,"Pickering, ON",$41.60 an hour,
875,"newBusiness Analyst, Human Resources",Alberta Motor Association,"Edmonton, AB",,3.5
876,Product Business Analyst-Student Information System,Fujitsu,"Toronto, ON",,3.6
877,Portfolio Data Analyst,AstraNorth,"Toronto, ON","$120,000 a year",
878,IT Business Analyst (Contractor Position),AOT Technologies,"Victoria, BC",,
879,Data Analyst - Bilingual,CMEC,"Remote in Toronto, ON","$64,325 - $81,004 a year",
880,business systems analyst,KIDS VALLEY DAYCARE & OSC,"Leduc, AB",$47.62 an hour,
881,newBusiness Operations Analyst,Imperial Manufacturing Group,"Dieppe, NB",,3.1
882,Data & Reporting Analyst,Nude Solutions,"Calgary, AB",,
883,Data Loss Prevention Analyst - Data Protection,Aviva,"Markham, ON",,3.8
884,Billing Analyst - Logistics,Dynacare,"Brampton, ON",,3.5
885,Data Analyst,CGI Inc,"Toronto, ON",,3.6
886,newIT Business Analyst BHJOB13022_12170,Ignite Technical Resources.,"Burnaby, BC",,
887,Business Intelligence (BI) Analyst,Bayer,"Hybrid remote in Winnipeg, MB",,4.1
888,"Fraud Analyst, Digital Banking",BMO Financial Group,"Toronto, ON",,3.8
889,Business Systems Analyst - Global Engineering & Operations (...,Lululemon,"Vancouver, BC",,4.2
890,Business Analyst-Digital,Alterna Savings,"Toronto, ON",,3.1
891,Sustainability Analyst,JLL,"Toronto, ON",,3.7
892,Sr Business Insights Analyst,TD Bank,"Toronto, ON+1 location",,3.8
893,newMarket Analyst,Affinity Credit Union,Saskatchewan,,3.6
894,Innovation Analyst (up to 24 months),City of Kingston,"Kingston, ON",,3.1
895,newAnalyst,McGill University,"Montréal, QC",,4.3
896,"Business Analyst, RIS (Retail Information Systems) Help Desk",BMO Financial Group,"Toronto, ON",,3.8
897,Global Business Analyst - Retail,Unilever,"Kingston, ON",,4.2
898,"Content Research Analyst, SEO",Angi,"Remote in Toronto, ON+3 locations",,
899,"Analyst Intern, Risk Advisory - Fall 2022 - Multiple Locatio...",Deloitte,Canada,,4.0
900,"Content Research Analyst, SEO",Angi,"Remote in Toronto, ON+3 locations",,
901,"Analyst Intern, Risk Advisory - Fall 2022 - Multiple Locatio...",Deloitte,Canada,,4.0
902,Operations Analyst,Citco,"Halifax, NS",,3.2
903,IT Business Analyst,Manitoba Institute of Trades and Technology,"Winnipeg, MB","$69,292 - $93,749 a year",3.1
904,Data Analyst (Hybrid),Morgan Stanley,"Remote in Montréal, QC",,3.8
905,HR Systems Analyst,opentext,"Remote in Waterloo, ON",,3.5
906,BI Developer,Trading Central,"Ottawa, ON",,3.0
907,Data Analyst,Mobility Quotient Solutions,"Calgary, AB",,
908,Business Analyst,Carlton One Engagement,"Markham, ON",,
909,Senior Data Analyst,Mueller Water Products,"Toronto, ON",,2.9
910,"Business Analyst, Human Resources (Hybrid Work)",Irving Business Services,"Remote in Saint John, NB",,2.7
911,Senior Data Analyst (IAM) (GCS),Royal Bank of Canada,"Toronto, ON",,4.0
912,Developer Analyst,Rogers Communications,"Brampton, ON",,3.7
913,Business Analyst,Sanofi US,"Toronto, ON",,4.1
914,Senior Data Support Analyst - Market Risk,Bank of America,"Toronto, ON",,3.8
915,Data Visualization Analyst - Senior,Insurance Corporation of British Columbia,"Hybrid remote in North Vancouver, BC","$81,258 - $88,019 a year",3.4
916,Customer Support Analyst - Accounting Software Support,Jonas Construction Software,"Hybrid remote in Markham, ON",,3.2
917,Real Estate Advisory Analyst (Remote),Altus Group,"Remote in Toronto, ON",,2.7
918,newSr. Data Warehouse and BI Specialist,WELL Health Technologies Corp,"Toronto, ON",,
919,newPRICING ANALYST,Atlantic Packaging Products,"Scarborough, ON",,3.3
920,"Associate BI Business Analyst, Business Technology- Canada,...","Guidewire Software, Inc.","Remote in Mississauga, ON",,3.7
921,HR Systems Analyst,Open Text Corporation,"Remote in Waterloo, ON",,3.5
922,"Data Analyst, Finance",Dapper Labs,Remote,,
923,Agile Business Analyst (On-site),Mastronardi Produce Limited,"Kingsville, ON",,2.8
924,Process Automation/Data Analyst,Sanofi US,"Toronto, ON",,4.1
925,Analyst - Business Intelligence,Peel Regional Police,"Brampton, ON",$35.18 - $59.28 an hour,4.4
926,Technical Support Analyst,BlackBerry,"Waterloo, ON",,4.0
927,Part-Time - Data Quality Analyst (Fraud Prevention),owl.co,Remote,,
928,Quality Data Analyst,Vancouver Shipyards,"North Vancouver, BC",,3.4
929,Business Analyst,Equitable Bank,"Toronto, ON",,4.1
930,Part-Time - Data Quality Analyst (Fraud Prevention),owl.co,Remote,,
931,Quality Data Analyst,Vancouver Shipyards,"North Vancouver, BC",,3.4
932,Business Analyst,Equitable Bank,"Toronto, ON",,4.1
933,Data Analyst,Government of New Brunswick,"Fredericton, NB","$52,936 - $74,048 a year",4.6
934,Sr. Data Analyst,Fusion Analytics,Canada,,
935,newBusiness Strategy Analyst,Camfil Power Systems,"Laval, QC",,
936,"Analyst, People Analytics",West Park Healthcare Centre,"Toronto, ON",,3.6
937,data warehouse analyst,1st Call Industrial Ltd.,"Mississauga, ON",$40.75 an hour,
938,Business Process Analyst,StereoLOGIC,"Toronto, ON","$60,000 - $85,000 a year",
939,"Analyst – Reporting and Analytics (Bilingual, French and Eng...",ReedGroup,"Remote in Quebec City, QC",,
940,"newAnalyst, Business Intelligence",LifeWorks,"Remote in Montréal, QC",,3.0
941,"Senior Service Delivery Analyst, Operational Reporting",Orion Health,"Remote in Greater Toronto Area, ON",,3.2
942,Forest Analyst,Silvacom,"Edmonton, AB",,
943,newBusiness & Customer Insights Analyst,Loblaw Companies Limited,"Brampton, ON",,3.5
944,Digital Marketing Business Insights Analyst,Vigorate,"Toronto, ON","$70,000 - $85,000 a year",
945,"newBusiness Analyst II, Data Integration",University of British Columbia,"Vancouver, BC","$87,340 - $136,468 a year",4.1
946,"newSenior Analyst, Clinical Analytics",Ontario Health,"Toronto, ON",,4.3
947,"newBusiness Analyst, Merchandising Operations & Strategy – MET",The Home Depot Canada,"Toronto, ON",,3.7
948,newIT Business Systems Analyst,SNC-Lavalin,"Toronto, ON",,4.0
949,"Analyst, Off-Shelf",Staples Canada,"Richmond Hill, ON",,3.6
950,HR Reporting Analyst,goeasy,"Mississauga, ON",,3.3
951,"newAnalyst, Technology",Lowe's Canada,"Boucherville, QC",,3.5
952,newInventory Analyst,Mobile Klinik Professional Smartphone Repair,"Mississauga, ON","$50,000 a year",3.2
953,Business Intelligence Analyst,Vancouver Division of Family Practice,"Vancouver, BC",,
954,newInventory Analyst & Coordinator,BOCCI,"Vancouver, BC",,
955,Bilingual Technical Business Analyst,Medavie Blue Cross,Remote in New Brunswick,,3.4
956,Senior Business Management Analyst,TD Bank,"Toronto, ON",,3.8
957,newAnalyste d’affaires / Business Analyst - CFF,Fastfrate,"Montréal, QC",,2.9
958,Planning Analyst,AutoCanada Inc.,"Edmonton, AB",,3.2
959,BI Developer - Barrie Ont (Hybrid),excelHR,"Barrie, ON","$90,000 - $100,000 a year",3.8
960,"Analyst programmer, Bell Media",BELL MEDIA INC.,"Montréal, QC",,3.6
961,PM BI expert,TES - The Employment Solution,"Brampton, ON",,3.6
962,Marketing Analyst Coordinator,WestCreek Developments Ltd.,"Calgary, AB",,
963,"newBusiness Analyst, Governance & Compliance",Teck Resources Limited,"Vancouver, BC",,3.9
964,Business Intelligence Developer,Teck Resources Limited,"Vancouver, BC",,3.9
965,newBusiness Intelligence Senior Analyst,Lowe's Canada,"Boucherville, QC",,3.5
966,Analyste en coût de revient - Cost Accounting Analyst,CMP Advanced Mechanical Solutions,"Châteauguay, QC",,3.2
967,Bilingual Analyst,Mier Recruitment,"St. Laurent, ON","$57,000 - $63,000 a year",
968,Business Analyst (Data and BI),Procom,"Calgary, AB",,3.6
969,Pricing Analyst - 3 + Months,The Mason Group,"Toronto, ON",,4.2
970,"Senior Developer, Business Intelligence",Teck Resources Limited,"Vancouver, BC",,3.9
971,IT Business Analyst,Serti Informatique,"Greater Montreal Area, QC",,4.1
